,molecule_chembl_id,canonical_smiles,bioactivity_class,MW,LogP,NumHDonors,NumHAcceptors,pIC50
0,CHEMBL217926,O=C(Nc1ccccc1)C1CC(=O)N(C2CCCCC2)C1,inactive,286.375,2.8063,1,2,4.97224279530945
1,CHEMBL216547,O=C(Nc1ccccc1Br)C1CC(=O)N(C2CCCCC2)C1,inactive,365.271,3.5688,1,2,4
2,CHEMBL213720,O=C(Nc1ccc2c(c1)OCCO2)C1CC(=O)N(C2CCCCC2)C1,inactive,344.411,2.5775,1,4,4
3,CHEMBL217274,Cc1cccc(C)c1NC(=O)C1CC(=O)N(C2CCCCC2)C1,inactive,314.429,3.42314,1,2,4
4,CHEMBL217773,O=C(Nc1ccc(Oc2ccccc2)cc1)C1CC(=O)N(C2CCCCC2)C1,inactive,378.472,4.5986,1,3,4
5,CHEMBL217273,CCOc1ccc(NC(=O)C2CC(=O)N(C3CCCCC3)C2)cc1,inactive,330.428,3.205,1,3,4
6,CHEMBL216781,CC(=O)Nc1cccc(NC(=O)C2CC(=O)N(C3CCCCC3)C2)c1,inactive,343.427,2.7647,2,3,4.1249387366083
7,CHEMBL265016,O=C(Nc1ccc(Cl)cc1)C1CC(=O)N(C2CCCCC2)C1,inactive,320.82,3.4597,1,2,4
8,CHEMBL217524,O=C(Nc1ccc(F)c(Cl)c1)C1CC(=O)N(C2CCCCC2)C1,inactive,338.81,3.5988,1,2,4.82885884897162
9,CHEMBL384149,COc1ccc(Cl)cc1NC(=O)C1CC(=O)N(C2CCCCC2)C1,active,350.846,3.4683,1,3,5.79588001734408
10,CHEMBL216339,O=C(Nc1cc(C(F)(F)F)cc(C(F)(F)F)c1)C1CC(=O)N(C2CCCCC2)C1,active,422.369,4.8439,1,2,5.43533393574791
11,CHEMBL216704,COc1cc(NC(=O)C2CC(=O)N(C3CCCCC3)C2)cc(C(F)(F)F)c1,inactive,384.398,3.8337,1,3,5.88605664769316
12,CHEMBL386324,O=C(Nc1cc(Br)cc(C(F)(F)F)c1)C1CC(=O)N(C2CCCCC2)C1,inactive,433.268,4.5876,1,2,6.07058107428571
13,CHEMBL216807,O=C(Nc1cc(Cl)cc(Cl)c1)C1CC(=O)N(C2CCCCC2)C1,inactive,355.265,4.1131,1,2,6.4089353929735
14,CHEMBL385294,O=C(Nc1cc(F)cc(F)c1)C1CC(=O)N(C2CCCCC2)C1,inactive,322.355,3.0845,1,2,5.82681373158773
15,CHEMBL217617,Cc1cc([N+](=O)[O-])ccc1NC(=O)C1CC(=O)N(C2CCCCC2)C1,active,345.399,3.02292,1,4,4.50348548130226
16,CHEMBL444361,Cc1c(Cl)cccc1NC(=O)C1CC(=O)N(C2CCCCC2)C1,inactive,334.847,3.76812,1,2,4.63601217025151
17,CHEMBL387186,Cc1cc(C)cc(NC(=O)C2CC(=O)N(C3CCCCC3)C2)c1,inactive,314.429,3.42314,1,2,5.50307035192679
18,CHEMBL216887,Cc1ccc(C)c(NC(=O)C2CC(=O)N(C3CCCCC3)C2)c1,inactive,314.429,3.42314,1,2,4.99783393824349
19,CHEMBL216748,Cc1cc(NC(=O)C2CC(=O)N(C3CCCCC3)C2)ccc1Br,inactive,379.298,3.87722,1,2,4.4270122918018
20,CHEMBL425259,Cc1ccc(Cl)cc1NC(=O)C1CC(=O)N(C2CCCCC2)C1,inactive,334.847,3.76812,1,2,6.01322826573376
21,CHEMBL215081,O=C(Nc1cc(Cl)ccc1Cl)C1CC(=O)N(C2CCCCC2)C1,inactive,355.265,4.1131,1,2,4.24795155218056
22,CHEMBL217144,O=C(Nc1ccc(Cl)cc1Cl)C1CC(=O)N(C2CCCCC2)C1,inactive,355.265,4.1131,1,2,4.25165689551245
23,CHEMBL217272,CC(=O)c1ccc(NC(=O)C2CC(=O)N(C3CCCCC3)C2)cc1,inactive,328.412,3.0089,1,3,4.13324021650489
24,CHEMBL426150,CC(=O)Nc1ccc(NC(=O)C2CC(=O)N(C3CCCCC3)C2)cc1,active,343.427,2.7647,2,3,4
25,CHEMBL387284,CC(C)c1cccc(NC(=O)C2CC(=O)N(C3CCCCC3)C2)c1,inactive,328.456,3.9297,1,2,5.25570701687732
26,CHEMBL216786,O=C(Nc1cccc([N+](=O)[O-])c1)C1CC(=O)N(C2CCCCC2)C1,active,331.372,2.7145,1,4,4.97510403989252
27,CHEMBL411394,O=C(Nc1cccc(C(F)(F)F)c1)C1CC(=O)N(C2CCCCC2)C1,active,354.372,3.8251,1,2,5.45469288353418
28,CHEMBL214484,Cc1cccc(NC(=O)C2CC(=O)N(C3CCCCC3)C2)c1,active,300.402,3.11472,1,2,4.77494930386195
29,CHEMBL386252,O=C(Nc1ccc(I)cc1)C1CC(=O)N(C2CCCCC2)C1,inactive,412.271,3.4109,1,2,4.83863199776503
30,CHEMBL217588,O=C(Nc1cccc(Cl)c1)C1CC(=O)N(C2CCCCC2)C1,inactive,320.82,3.4597,1,2,5.86966623150499
31,CHEMBL439530,O=C(Nc1ccc(Br)cc1)C1CC(=O)N(C2CCCCC2)C1,inactive,365.271,3.5688,1,2,4.55253186905024
32,CHEMBL385214,O=C(Nc1cccc(Br)c1)C1CC(=O)N(C2CCCCC2)C1,inactive,365.271,3.5688,1,2,6.05060999335509
33,CHEMBL217864,COC(=O)c1ccccc1NC(=O)C1CC(=O)N(C2CCCCC2)C1,inactive,344.411,2.5929,1,4,4.45742352373947
34,CHEMBL217499,O=C(C1CC(=O)N(C2CCCCC2)C1)N1CCc2ccccc21,inactive,312.413,2.7569,0,2,5.29242982390206
35,CHEMBL441373,O=C(Nc1cccc(-c2ccccc2)c1)C1CC(=O)N(C2CCCCC2)C1,inactive,362.473,4.4733,1,2,6.4089353929735
36,CHEMBL262471,O=C(C1CC(=O)N(C2CCCCC2)C1)N1CCN(C(c2ccc(F)cc2)c2ccc(F)cc2)CC1,active,481.587,4.3796,0,3,5.25884840114821
37,CHEMBL215478,O=C(C1CC(=O)N(C2CCCCC2)C1)N1CCN(C(c2ccccc2)c2ccc(F)cc2)CC1,active,463.597,4.2405,0,3,5.19314197048118
38,CHEMBL217879,Cc1ccc(C(c2ccccc2)N2CCN(C(=O)C3CC(=O)N(C4CCCCC4)C3)CC2)cc1,active,459.634,4.40982,0,3,5.28567024025477
39,CHEMBL213872,CCn1c2ccccc2c2cc(NC(=O)C3CC(=O)N(C4CCCCC4)C3)ccc21,active,403.526,4.9341,1,3,5.59006687666871
40,CHEMBL216512,O=C(C1CC(=O)N(C2CCCCC2)C1)N1CCN(C(c2ccccc2)c2ccc(Cl)cc2)CC1,active,480.052,4.75480000000001,0,3,5.34969247686806
41,CHEMBL424903,O=C(Nc1cccc(OCc2ccccc2)c1)C1CC(=O)N(C2CCCCC2)C1,active,392.499,4.3853,1,3,5.46980030179692
42,CHEMBL386655,O=C(Nc1cccc2c1Cc1ccccc1-2)C1CC(=O)N(C2CCCCC2)C1,active,374.484,4.3775,1,2,5.85698519974591
43,CHEMBL217594,CN(Cc1c2ccccc2cc2ccccc12)C(=O)C1CC(=O)N(C2CCCCC2)C1,active,414.549,5.1326,0,2,6.1249387366083
44,CHEMBL424724,O=C(Nc1cccc(Cc2ccccc2)c1)C1CC(=O)N(C2CCCCC2)C1,inactive,376.5,4.3971,1,2,6.38721614328026
45,CHEMBL216642,O=C(Nc1cccc(Cl)c1)C1CC(=O)N(c2ccccc2)C1,inactive,314.772,3.3316,1,2,5.40450377817443
46,CHEMBL216299,Cc1ccc(N2CC(C(=O)Nc3cccc(Br)c3)CC2=O)cc1C,inactive,387.277,4.05754,1,2,4
47,CHEMBL216063,Cc1ccc(N2CC(C(=O)Nc3cccc(Br)c3)CC2=O)cc1,inactive,373.25,3.74912,1,2,4
48,CHEMBL216759,O=C(Nc1cccc(Br)c1)C1CC(=O)N(c2ccc(F)cc2)C1,inactive,377.213,3.5798,1,2,4.53417118464256
49,CHEMBL217204,O=C(Nc1cccc(Br)c1)C1CC(=O)N(c2ccccc2)C1,inactive,359.223,3.4407,1,2,4.86806070478958
50,CHEMBL217375,Cc1c(Cl)cccc1NC(=O)C1CC(=O)N(c2ccc(OC(C)C)cc2)C1,inactive,386.879,4.42722,1,3,4
51,CHEMBL215014,Cc1ccc(N2CC(C(=O)Nc3cccc(Cl)c3C)CC2=O)cc1,inactive,342.826,3.94844,1,2,4
52,CHEMBL274325,Cc1c(Cl)cccc1NC(=O)C1CC(=O)N(c2ccc(Br)cc2)C1,active,407.695,4.40252,1,2,4
53,CHEMBL217808,Cc1c(Cl)cccc1NC(=O)C1CC(=O)N(c2cccc([N+](=O)[O-])c2)C1,inactive,373.796,3.54822,1,4,4
54,CHEMBL385297,Cc1c(Cl)cccc1NC(=O)C1CC(=O)N(c2ccccc2)C1,inactive,328.799,3.64002,1,2,4
55,CHEMBL415226,CCCOc1ccc(N2CC(C(=O)Nc3cccc(Cl)c3)CC2=O)cc1,active,372.852,4.1204,1,3,4
56,CHEMBL217885,Cc1ccc(N2CC(C(=O)Nc3cccc(Cl)c3)CC2=O)cc1,active,328.799,3.64002,1,2,4
57,CHEMBL217852,O=C(Nc1cccc(-c2ccccc2)c1)C1CC(=O)N(C2CC3CCC2C3)C1,active,374.484,4.3292,1,2,6.33724216831843
58,CHEMBL216807,O=C(Nc1cc(Cl)cc(Cl)c1)C1CC(=O)N(C2CCCCC2)C1,inactive,355.265,4.1131,1,2,6.69897000433602
59,CHEMBL216807,O=C(Nc1cc(Cl)cc(Cl)c1)C1CC(=O)N(C2CCCCC2)C1,active,355.265,4.1131,1,2,5.08830984124614
60,CHEMBL441373,O=C(Nc1cccc(-c2ccccc2)c1)C1CC(=O)N(C2CCCCC2)C1,inactive,362.473,4.4733,1,2,6.59345981956604
61,CHEMBL385650,O=C(Nc1cc(-c2ccccc2)c(O)c(-c2ccccc2)c1)C1CC(=O)N(C2CCCCCCC2)C1,active,482.624000000001,6.62610000000001,2,3,5.88941028970075
62,CHEMBL414086,CN(Cc1c2ccccc2cc2ccccc12)C(=O)C1CC(=O)N(C2CCCCCCC2)C1,active,442.603,5.91280000000001,0,2,6.20760831050175
63,CHEMBL217057,O=C(Nc1cc(-c2ccccc2)c(O)c(-c2ccccc2)c1)C1CC(=O)N(C2CCCCCC2)C1,active,468.597,6.23600000000001,2,3,6.56863623584101
64,CHEMBL386329,CN(Cc1c2ccccc2cc2ccccc12)C(=O)C1CC(=O)N(C2CCCCCC2)C1,inactive,428.576,5.52270000000001,0,2,6.49485002168009
65,CHEMBL216689,O=C(Nc1cc(-c2ccccc2)c(O)c(-c2ccccc2)c1)C1CC(=O)N(C2CCCCC2)C1,active,454.57,5.84590000000001,2,3,6.85387196432176
66,CHEMBL426702,CN(Cc1c2ccccc2cc2ccccc12)C(=O)C1CC(=O)N(C2CC3CCC2C3)C1,active,426.56,4.98850000000001,0,2,6.07058107428571
67,CHEMBL441373,O=C(Nc1cccc(-c2ccccc2)c1)C1CC(=O)N(C2CCCCC2)C1,active,362.473,4.4733,1,2,5.67778070526608
68,CHEMBL539344,Cl.Cl.O=C(Nc1cc(-c2ccccc2)c(O)c(-c2ccccc2)c1)C1CC(=O)N(C2CCCCC2)C1,active,527.492,6.68950000000001,2,3,7.20760831050175
69,CHEMBL240734,O=C(c1ccccc1)N1CCN(c2ccccc2)CC1,active,266.344,2.649,0,2,4.41049720373624
70,CHEMBL240531,Cc1cccc(C(=O)N2CCC(Cc3ccccc3)CC2)c1,active,293.41,4.08992,0,1,5.13135556160517
71,CHEMBL240530,Cc1ccc(C(=O)N2CCC(Cc3ccccc3)CC2)cc1,active,293.41,4.08992,0,1,5.28735029837279
72,CHEMBL437002,O=C(c1ccccc1F)N1CCC(Cc2ccccc2)CC1,active,297.373,3.9206,0,1,4.85047298624565
73,CHEMBL240318,O=C(c1cccc(Cl)c1)N1CCC(Cc2ccccc2)CC1,inactive,313.828,4.4349,0,1,5.11125903931711
74,CHEMBL240317,O=C(c1ccccc1)N1CCN(Cc2ccccc2)CC1,inactive,280.371,2.6446,0,2,4.5016894462104
75,CHEMBL240316,O=C(c1ccc(Cl)c(Cl)c1)N1CCN(c2ccccc2)CC1,inactive,335.234,3.9558,0,2,4.75399409592397
76,CHEMBL429994,O=C(c1ccc(Cl)c(Cl)c1)N1CCN(c2cccc(Cl)c2)CC1,inactive,369.679,4.6092,0,2,5.21824462534753
77,CHEMBL240105,O=C(c1cccc(Cl)c1)N1CCN(c2cccc(Cl)c2)CC1,inactive,335.234,3.9558,0,2,5.17198493577602
78,CHEMBL239674,O=C(c1ccc(F)cc1)N1CCN(c2cccc(Cl)c2)CC1,inactive,318.779,3.4415,0,2,5.01144104312138
79,CHEMBL394433,O=C(c1ccccc1F)N1CCN(c2cccc(Cl)c2)CC1,inactive,318.779,3.4415,0,2,4.85792353892672
80,CHEMBL429275,Cc1ccc(N2CCN(C(=O)c3ccc(C(C)(C)C)cc3)CC2)cc1Cl,inactive,370.924,4.90832000000001,0,2,4
81,CHEMBL239892,CC(C)(C)c1ccc(C(=O)N2CCN(c3cccc(C(F)(F)F)c3)CC2)cc1,inactive,390.449,4.9653,0,2,4
82,CHEMBL239891,CC(C)(C)c1ccc(C(=O)N2CCN(c3cccc(Cl)c3)CC2)cc1,inactive,356.897,4.5999,0,2,4
83,CHEMBL394432,CC(C)c1ccc(C(=O)N2CCN(c3cccc(Cl)c3)CC2)cc1,inactive,342.87,4.4258,0,2,4
84,CHEMBL239890,Cc1ccc(C(=O)N2CCN(c3cccc(C(F)(F)F)c3)CC2)cc1C,inactive,362.395,4.28464,0,2,5.73282827159699
85,CHEMBL239673,Cc1ccc(C(=O)N2CCN(c3cccc(Cl)c3)CC2)cc1C,inactive,328.843,3.91924,0,2,6.00436480540245
86,CHEMBL398032,Cc1cccc(C(=O)N2CCN(c3ccc([N+](=O)[O-])cc3)CC2)c1,active,325.368,2.86562,0,4,4.81050968630063
87,CHEMBL239459,Cc1cccc(C(=O)N2CCN(c3cccc(Cl)c3)CC2)c1,inactive,314.816,3.61082,0,2,5.02548830726267
88,CHEMBL430180,Cc1ccc(C(=O)N2CCN(c3cccc(Cl)c3)CC2)cc1,inactive,314.816,3.61082,0,2,5.51286162452281
89,CHEMBL398031,Cc1ccc(C(=O)N2CCN(c3cccc(C(F)(F)F)c3)CC2)cc1,inactive,348.368,3.97622,0,2,5.20342566678957
90,CHEMBL239457,Cc1ccc(C(=O)N2CCN(c3ccccc3)CC2)cc1,inactive,280.371,2.95742,0,2,4.7788466780453
91,CHEMBL240957,O=C(c1ccccc1)N1CCN(C(c2ccc(F)cc2)c2ccc(F)cc2)CC1,inactive,392.449,4.5122,0,2,5.6903698325741
92,CHEMBL240740,Cc1ccc(C(=O)N2CCN(C(c3ccc(F)cc3)c3ccc(F)cc3)CC2)cc1,inactive,406.476,4.82062,0,2,5.72353819582676
93,CHEMBL240739,O=C(c1ccc2[nH]ccc2c1)N1CCN(C(c2ccc(F)cc2)c2ccc(F)cc2)CC1,inactive,431.486,4.9935,1,2,5.98296666070122
94,CHEMBL216579,O=C(c1ccc2[nH]ccc2c1)N1CCN(C2c3ccccc3-c3ccccc32)CC1,inactive,393.49,4.6957,1,2,6.69897000433602
95,CHEMBL240533,O=C(c1ccccc1)N1CCN(C2c3ccccc3-c3ccccc32)CC1,inactive,354.453,4.2144,0,2,7.04575749056068
96,CHEMBL392127,Cc1ccc(C(=O)N2CCN(C3c4ccccc4-c4ccccc43)CC2)cc1,inactive,368.48,4.52282,0,2,6.39794000867204
97,CHEMBL250087,NC(=O)c1cc([C@@H]2O[C@H](COP(=O)(O)OP(=O)(O)OC[C@H]3O[C@@H](n4cnc5c(N)ncnc54)[C@H](O)[C@@H]3O)[C@@H](O)[C@H]2O)ccc1Oc1ccccc1,inactive,754.539000000001,0.031400000000001,8,18,4.56863623584101
98,CHEMBL264682,CCCCCCc1ccc(Oc2ccccc2)c(O)c1,inactive,270.372,5.30730000000001,1,2,7.95860731484177
99,CHEMBL264679,CCCCCCc1ccc(Oc2ccccn2)c(O)c1,inactive,271.36,4.7023,1,3,4.93930215964639
100,CHEMBL258932,CCCCCCc1ccc(Oc2cnccn2)c(O)c1,inactive,272.348,4.0973,1,4,6.18708664335714
101,CHEMBL258931,CCCCCCc1ccc(Oc2ncccn2)c(O)c1,inactive,272.348,4.0973,1,4,5.08618614761628
102,CHEMBL259138,CCCCCCc1ccc(Oc2ccncc2)c(O)c1,inactive,271.36,4.7023,1,3,6.79588001734408
103,CHEMBL405655,CCCCCCc1ccc(Oc2cccnc2)c(O)c1,active,271.36,4.7023,1,3,6.62708799702989
104,CHEMBL429332,CCCCCCc1ccc(Oc2ncccn2)c(OC)c1,active,286.375,4.4003,0,4,1
105,CHEMBL261355,CCCCCCc1ccc(Oc2ccc(CN3CCN(C)CC3)cc2)c(O)c1,active,382.548,5.05470000000001,1,4,6.51427857351842
106,CHEMBL408149,CCCCCCc1ccc(Oc2ccccc2CN2CCN(C)CC2)c(O)c1,active,382.548,5.05470000000001,1,4,5.88107424717422
107,CHEMBL260399,CCCCCCc1ccc(Oc2ccc(NC(=O)c3ccno3)cc2)c(O)c1,active,380.444,5.54760000000001,2,5,6.88605664769316
108,CHEMBL405653,CCCCCCc1ccc(Oc2cccc(NC(=O)c3ccno3)c2)c(O)c1,active,380.444,5.54760000000001,2,5,5.92081875395238
109,CHEMBL428967,CCCCCCc1ccc(Oc2ccccc2NC(=O)c2ccno2)c(O)c1,active,380.444,5.5476,2,5,5.49214412830417
110,CHEMBL262343,CCCCCCc1ccc(Oc2ccc(NC(=O)C(=O)O)cc2)c(O)c1,active,357.406,4.3304,3,4,5.71444269099223
111,CHEMBL263646,CCCCCCc1ccc(Oc2cccc(NC(=O)C(=O)O)c2)c(O)c1,active,357.406,4.3304,3,4,6.23657200643706
112,CHEMBL407324,CCCCCCc1ccc(Oc2ccccc2NC(=O)C(=O)O)c(O)c1,active,357.406,4.3304,3,4,5.62708799702989
113,CHEMBL262360,CCCCCCc1ccc(Oc2ccc(NC(C)=O)cc2)c(O)c1,active,327.424,5.26570000000001,2,3,5.88605664769316
114,CHEMBL404983,CCCCCCc1ccc(Oc2cccc(NC(C)=O)c2)c(O)c1,active,327.424,5.26570000000001,2,3,5.2518119729938
115,CHEMBL264176,CCCCCCc1ccc(Oc2ccccc2NC(C)=O)c(O)c1,active,327.424,5.26570000000001,2,3,5.80966830182971
116,CHEMBL264175,CCCCCCc1ccc(Oc2ccc(N)cc2)c(O)c1,active,285.387,4.8895,2,3,7.25963731050576
117,CHEMBL404984,CCCCCCc1ccc(Oc2cccc(N)c2)c(O)c1,active,285.387,4.8895,2,3,5.96257350205938
118,CHEMBL264434,CCCCCCc1ccc(Oc2ccccc2N)c(O)c1,active,285.387,4.88950000000001,2,3,7.20760831050175
119,CHEMBL264417,CCCCCCc1ccc(Oc2ccc([N+](=O)[O-])cc2)c(O)c1,active,315.369,5.21550000000001,1,4,7.04575749056068
120,CHEMBL264416,CCCCCCc1ccc(Oc2cccc([N+](=O)[O-])c2)c(O)c1,active,315.369,5.21550000000001,1,4,7.31875876262441
121,CHEMBL264415,CCCCCCc1ccc(Oc2ccccc2[N+](=O)[O-])c(O)c1,active,315.369,5.21550000000001,1,4,6.74472749489669
122,CHEMBL454588,C/C=C(\C)c1cc(O)c(C)c(OC(=O)c2c(/C(C)=C/C)cc(O)c(C)c2O)c1,active,382.456,5.48584000000001,3,5,4.1249387366083
123,CHEMBL849,Oc1cc(Cl)ccc1Oc1ccc(Cl)cc1Cl,active,289.545,5.1447,1,2,5.52287874528034
124,CHEMBL549456,Cc1ccc(OC(=O)c2ccccc2[N+](=O)[O-])c(Br)c1,active,336.141,3.88492,0,4,5.01999662841625
125,CHEMBL564612,O=C(Nc1cc(Cl)cc(Cl)c1)c1ccccc1[N+](=O)[O-],active,311.124,4.1539,1,3,5.20971483596676
126,CHEMBL551621,Cc1ccc(NC(=O)c2sc3ccccc3c2Cl)cc1[N+](=O)[O-],active,346.795,5.02362,1,4,5.66958622665081
127,CHEMBL552222,CCN(CC)c1ccc(NC(=O)c2ccccc2[N+](=O)[O-])cc1,active,313.357,3.6933,1,4,5.35951856302958
128,CHEMBL540477,Cc1cc(Cl)ccc1OCC(=O)Nc1cccc([N+](=O)[O-])c1C,active,334.759,3.88254,1,4,5.45967052520913
129,CHEMBL550610,CCN(CC)c1ccc(/C=C2/SC(N3CCCCC3)=NC2=O)cc1,active,343.496,3.989,0,4,5.20971483596676
130,CHEMBL570080,O=C(Nc1cc(Cl)c(Cl)cc1Cl)c1ccccc1[N+](=O)[O-],active,345.569,4.8073,1,3,4.92009553233328
131,CHEMBL553790,O=[N+]([O-])c1cc(/N=C/c2ccc(Cl)cc2Cl)ccc1Cl,active,329.57,5.3056,0,3,5.32975414692588
132,CHEMBL557836,COc1ccc(/C=C2/SC(N3CCC(C)CC3)=NC2=O)cc1OC,active,346.452,3.406,0,5,4.96980521464325
133,CHEMBL561485,COc1ccc(/C=C2/SC(N3CCCCC3)=NC2=O)cc1OC,active,332.425,3.16,0,5,4.94005811193805
134,CHEMBL558660,COc1cc(NC(=O)c2ccc(C)cc2[N+](=O)[O-])cc(OC)c1,active,316.313,3.17272,1,5,5.86966623150499
135,CHEMBL539723,COc1ccc(/C=C2\SC(N3CCCCCC3)NC2=O)cc1OC,active,348.468,3.0673,1,5,4.96018944585165
136,CHEMBL558336,O=C(Nc1ccc(Cl)cc1Cl)c1ccccc1[N+](=O)[O-],active,311.124,4.1539,1,3,4.70005709997723
137,CHEMBL571677,COc1ccc(/C=C2/SC(N3CCCC3)=NC2=O)cc1OC,active,318.398,2.7699,0,5,5.14026143380285
138,CHEMBL554270,CCOC(=O)C1=C(C)N/C(=C/c2cc(OC)ccc2OC)C1=O,active,317.341,2.0541,1,6,5.44009337496389
139,CHEMBL565062,COC(=O)c1c(NC(=O)c2ccccc2[N+](=O)[O-])sc2c1CCC2,active,346.364,3.1839,1,6,5.73992861201493
140,CHEMBL558464,CCN(CC)c1ccc(/C=C2/N=C(c3ccccc3)OC2=O)cc1,active,320.392,3.8773,0,4,5.48017200622428
141,CHEMBL560086,Cc1ccc(NC(=O)c2ccccc2[N+](=O)[O-])c(C)c1,active,270.288,3.46394,1,3,4.98005331832116
142,CHEMBL540475,COc1cc(Cl)ccc1NC(=O)c1ccc(C)c([N+](=O)[O-])c1,active,320.732,3.81752,1,4,5.30016227413275
143,CHEMBL551683,Cc1ccc(C(=O)Nc2ccc(Cl)cc2Cl)cc1[N+](=O)[O-],active,325.151,4.46232,1,3,5.05998184499234
144,CHEMBL550334,COc1ccc(Cl)cc1NC(=O)c1ccc(Cl)c([N+](=O)[O-])c1,active,341.15,4.1625,1,4,5.39040559077478
145,CHEMBL560605,O=C(Nc1cc(Cl)ccc1Cl)c1ccc(Cl)c([N+](=O)[O-])c1,active,345.569,4.8073,1,3,4.70005709997723
146,CHEMBL560606,O=C(Nc1ccc(Cl)c(Cl)c1)c1ccc(Cl)c([N+](=O)[O-])c1,active,345.569,4.8073,1,3,4.2800061736324
147,CHEMBL550333,COc1ccc(Cl)cc1NC(=O)c1ccc(OC)c([N+](=O)[O-])c1,active,336.731,3.5177,1,5,5.30016227413275
148,CHEMBL560684,COc1ccc(C(=O)Nc2cc(Cl)cc(Cl)c2)cc1[N+](=O)[O-],active,341.15,4.1625,1,4,5.14996674231023
149,CHEMBL558073,COc1ccc(C(=O)Nc2cc(Cl)ccc2Cl)cc1[N+](=O)[O-],active,341.15,4.1625,1,4,4.86012091359876
150,CHEMBL539395,COc1ccc(OC)c(/C=N/NC2=CS(=O)(=O)c3ccccc32)c1,active,344.392,2.4132,1,6,5.28988263488818
151,CHEMBL559811,O=C1N=C(Nc2cc(Cl)cc(Cl)c2)S/C1=C/c1ccco1,active,339.203,4.6688,1,4,4.7500682433658
152,CHEMBL560683,COc1cc(Cl)cc(/C=C2/SC(c3ccccc3)=NC2=O)c1O,active,345.807,4.1153,1,4,4.98005331832116
153,CHEMBL565129,CCOc1ccc(/C=C2/SC(c3ccccc3)=NC2=O)cc1C,active,323.417,4.45482,0,3,5
154,CHEMBL505886,CCCCCCCCc1ccc(Oc2ccccc2)c(O)c1,active,298.426,6.08750000000001,1,2,8.30102999566398
155,CHEMBL261355,CCCCCCc1ccc(Oc2ccc(CN3CCN(C)CC3)cc2)c(O)c1,active,382.548,5.05470000000001,1,4,2.48499999983925
156,CHEMBL408149,CCCCCCc1ccc(Oc2ccccc2CN2CCN(C)CC2)c(O)c1,active,382.548,5.05470000000001,1,4,3.11800000001448
157,CHEMBL260399,CCCCCCc1ccc(Oc2ccc(NC(=O)c3ccno3)cc2)c(O)c1,active,380.444,5.54760000000001,2,5,2.1130000000363
158,CHEMBL405653,CCCCCCc1ccc(Oc2cccc(NC(=O)c3ccno3)c2)c(O)c1,active,380.444,5.54760000000001,2,5,3.08600000229221
159,CHEMBL428967,CCCCCCc1ccc(Oc2ccccc2NC(=O)c2ccno2)c(O)c1,active,380.444,5.5476,2,5,3.50700000517879
160,CHEMBL262343,CCCCCCc1ccc(Oc2ccc(NC(=O)C(=O)O)cc2)c(O)c1,active,357.406,4.3304,3,4,3.28499999910342
161,CHEMBL262360,CCCCCCc1ccc(Oc2ccc(NC(C)=O)cc2)c(O)c1,active,327.424,5.26570000000001,2,3,3.11299999947294
162,CHEMBL404983,CCCCCCc1ccc(Oc2cccc(NC(C)=O)c2)c(O)c1,active,327.424,5.26570000000001,2,3,2.76300000050082
163,CHEMBL264176,CCCCCCc1ccc(Oc2ccccc2NC(C)=O)c(O)c1,active,327.424,5.26570000000001,2,3,3.18999999935067
164,CHEMBL264175,CCCCCCc1ccc(Oc2ccc(N)cc2)c(O)c1,active,285.387,4.8895,2,3,1.74029999996248
165,CHEMBL404984,CCCCCCc1ccc(Oc2cccc(N)c2)c(O)c1,active,285.387,4.8895,2,3,3.03699999833703
166,CHEMBL264434,CCCCCCc1ccc(Oc2ccccc2N)c(O)c1,active,285.387,4.88950000000001,2,3,1.79199999995332
167,CHEMBL264417,CCCCCCc1ccc(Oc2ccc([N+](=O)[O-])cc2)c(O)c1,active,315.369,5.21550000000001,1,4,1.95400000011
168,CHEMBL264416,CCCCCCc1ccc(Oc2cccc([N+](=O)[O-])c2)c(O)c1,active,315.369,5.21550000000001,1,4,1.68100000002027
169,CHEMBL264415,CCCCCCc1ccc(Oc2ccccc2[N+](=O)[O-])c(O)c1,active,315.369,5.21550000000001,1,4,2.25500000021125
170,CHEMBL258932,CCCCCCc1ccc(Oc2cnccn2)c(O)c1,active,272.348,4.0973,1,4,2.81200000083089
171,CHEMBL258931,CCCCCCc1ccc(Oc2ncccn2)c(O)c1,inactive,272.348,4.0973,1,4,3.91299998584041
172,CHEMBL259138,CCCCCCc1ccc(Oc2ccncc2)c(O)c1,active,271.36,4.7023,1,3,2.20399999984417
173,CHEMBL405655,CCCCCCc1ccc(Oc2cccnc2)c(O)c1,inactive,271.36,4.7023,1,3,2.37400000027291
174,CHEMBL264679,CCCCCCc1ccc(Oc2ccccn2)c(O)c1,inactive,271.36,4.7023,1,3,4.05999999499173
175,CHEMBL264682,CCCCCCc1ccc(Oc2ccccc2)c(O)c1,active,270.372,5.30730000000001,1,2,1.04129999997758
176,CHEMBL3087017,Cc1csc(C(C)(O)c2nnc(NC(=O)c3ccn(Cc4c(F)cccc4F)n3)s2)n1,inactive,462.507,3.33412,2,9,4.46852108295774
177,CHEMBL3087016,Cc1csc(C(C)(O)c2nnc(NCC3CN(Cc4c(F)cccc4F)C(=O)O3)s2)n1,inactive,467.523,3.26992,2,9,6.39794000867204
178,CHEMBL3087015,Cc1csc(C(C)(O)c2nnc(Nc3cc(C4CC4)n(Cc4c(F)cccc4F)n3)s2)n1,inactive,474.562,4.70282,2,9,6.01322826573376
179,CHEMBL3088178,Cc1csc(C(C)(O)c2nnc(Nc3nccc(Cc4c(F)cccc4F)n3)s2)n1,inactive,446.508,3.96142,2,9,8.69897000433602
180,CHEMBL3088177,Cc1csc(C(C)(O)c2nnc(Nc3cccc(Cc4c(F)cccc4F)n3)s2)n1,inactive,445.52,4.56642,2,8,8.69897000433602
181,CHEMBL3088176,Cc1csc(C(C)(O)c2nnc(NC(=O)Cc3c(F)cccc3F)s2)n1,inactive,396.444,3.01822,2,7,6.69897000433602
182,CHEMBL3088175,Cc1csc(C(C)(O)c2nnc(Nc3ncn(Cc4c(F)cccc4F)n3)s2)n1,inactive,435.485,3.22042,2,10,7.52287874528034
183,CHEMBL3088174,Cc1csc(C(C)(O)c2nnc(Nc3cnn(Cc4c(F)cccc4F)c3)s2)n1,inactive,434.497,3.82542,2,9,6.63078414258986
184,CHEMBL3088173,Cc1csc(C(C)(O)c2nnc(Nc3ccn(Cc4c(F)cccc4F)n3)s2)n1,inactive,434.497,3.82542,2,9,8.39794000867204
185,CHEMBL3088172,Cc1csc([C@](C)(O)c2nnc(Nc3ccn(Cc4c(F)cccc4F)n3)s2)n1,inactive,434.497,3.82542,2,9,8.52287874528034
186,CHEMBL3088171,COC(=O)c1cnc2ccc(C#N)cc2c1NCCCc1ccccc1,inactive,345.402,3.93778,1,5,7.69897000433602
187,CHEMBL3088170,O=C1CC(c2nc3ccccc3n2Cc2ccccc2)CN1C1CCCCC1,inactive,373.5,4.7332,0,3,6
188,CHEMBL1236225,CCCCCCc1ccc(Oc2ccccc2C)c(O)c1,inactive,284.399,5.61572000000001,1,2,7.65757731917779
189,CHEMBL849,Oc1cc(Cl)ccc1Oc1ccc(Cl)cc1Cl,inactive,289.545,5.1447,1,2,6.69897000433602
190,CHEMBL2323585,CC/C(C)=C1\OC(=O)[C@H](C)[C@H](O)[C@H](Cc2cccnc2)NC(=O)[C@@H](NC(=O)c2ncccc2O)[C@@H](C)OC1=O,inactive,540.573,1.1776,4,10,5.22184874961636
191,CHEMBL3125235,CCc1cc(C(=O)N[C@@H]2C[C@@H](C(=O)NCc3ccccn3)N(C(=O)c3coc4ccccc34)C2)n(CC)n1,active,514.586,2.9361,2,7,8.69897000433602
192,CHEMBL3125104,CCc1cc(C(=O)N[C@@H]2C[C@@H](C(=O)NCCO)N(C(=O)c3coc4ccccc34)C2)n(CC)n1,active,467.526,1.3332,3,7,8.52287874528034
193,CHEMBL3125103,CCc1cc(C(=O)N[C@@H]2C[C@@H](C(=O)NCCc3ccccn3)N(C(=O)c3coc4ccccc34)C2)n(CC)n1,active,528.613,2.9786,2,7,8.39794000867204
194,CHEMBL3125102,CCc1cc(C(=O)N[C@@H]2C[C@@H](C(=O)NCc3nc(C)no3)N(C(=O)c3coc4ccccc34)C2)n(CC)n1,inactive,519.562,2.23252,2,9,8.39794000867204
195,CHEMBL3125101,CCc1cc(C(=O)N[C@@H]2C[C@@H](C(=O)NCc3ccc4c(c3)B(O)OC4)N(C(=O)c3coc4ccccc34)C2)n(CC)n1,active,569.427,1.7588,3,8,8.69897000433602
196,CHEMBL3125270,CCc1cc(C(=O)N[C@@H]2C[C@@H](C(N)=O)N(C(=O)c3coc4ccccc34)C2)n(CC)n1,active,423.473,1.71,2,6,8.39794000867204
197,CHEMBL3125269,CCc1cc(C(=O)N[C@@H]2C[C@@H](C(=O)NCC(=O)OC)N(C(=O)c3coc4ccccc34)C2)n(Cc2ccccc2)n1,active,557.607,2.5423,2,8,6
198,CHEMBL3125268,CCc1cc(C(=O)N[C@@H]2C[C@@H](C(=O)NCC(=O)OC)N(C(=O)c3coc4ccccc34)C2)n(CCO)n1,active,511.535,0.486300000000001,3,9,6
199,CHEMBL3125267,CCCn1nc(CC)cc1C(=O)N[C@@H]1C[C@@H](C(=O)NCC(=O)OC)N(C(=O)c2coc3ccccc23)C1,active,509.563,1.904,2,8,7.95860731484177
200,CHEMBL3125266,CCc1cc(C(=O)N[C@@H]2C[C@@H](C(=O)NCC(=O)OC)N(C(=O)c3coc4ccccc34)C2)n(CC)n1,active,495.536,1.5139,2,8,8.52287874528034
201,CHEMBL3125265,COC(=O)CNC(=O)[C@@H]1C[C@@H](NC(=O)c2cc(C3CC3)nn2C)CN1C(=O)c1coc2ccccc12,active,493.52,1.346,2,8,7.82390874094432
202,CHEMBL3125264,COC(=O)CNC(=O)[C@@H]1C[C@@H](NC(=O)c2cc(CC(C)C)nn2C)CN1C(=O)c1coc2ccccc12,inactive,509.563,1.6671,2,8,6
203,CHEMBL3125263,CCCc1cc(C(=O)N[C@@H]2C[C@@H](C(=O)NCC(=O)OC)N(C(=O)c3coc4ccccc34)C2)n(C)n1,inactive,495.536,1.4211,2,8,7.65757731917779
204,CHEMBL3125262,CCc1cc(C(=O)N[C@@H]2C[C@@H](C(=O)NCc3ccc(C)o3)N(C(=O)c3coc4ccccc34)C2)n(C)n1,inactive,503.559,2.95962,2,7,7.67778070526608
205,CHEMBL3125261,CCc1cc(C(=O)N[C@@H]2C[C@@H](C(=O)NCc3nc4ccccc4o3)N(C(=O)c3coc4ccccc34)C2)n(C)n1,active,540.58,3.1994,2,8,8.52287874528034
206,CHEMBL3125260,CCc1cc(C(=O)N[C@@H]2C[C@@H](C(=O)NCc3nc(C)no3)N(C(=O)c3coc4ccccc34)C2)n(C)n1,active,505.535,1.74962,2,9,8.15490195998574
207,CHEMBL3125259,CCc1cc(C(=O)N[C@@H]2C[C@@H](C(=O)NCc3ncco3)N(C(=O)c3coc4ccccc34)C2)n(C)n1,active,490.52,2.0462,2,8,8.30102999566398
208,CHEMBL3125258,CCc1cc(C(=O)N[C@@H]2C[C@@H](C(=O)NCc3nccs3)N(C(=O)c3coc4ccccc34)C2)n(C)n1,active,506.588,2.5147,2,8,7.76955107862173
209,CHEMBL3125257,CCc1cc(C(=O)N[C@@H]2C[C@@H](C(=O)NCc3ccn(CC)n3)N(C(=O)c3coc4ccccc34)C2)n(C)n1,active,517.59,2.2746,2,8,7.49485002168009
210,CHEMBL3125256,CCc1cc(C(=O)N[C@@H]2C[C@@H](C(=O)Nc3ccn(Cc4c(F)cccc4F)n3)N(C(=O)c3coc4ccccc34)C2)n(C)n1,active,601.614,3.9035,2,8,8.39794000867204
211,CHEMBL3125255,CCc1cc(C(=O)N[C@@H]2C[C@@H](C(=O)Nc3ccn(Cc4ccc(F)cc4)n3)N(C(=O)c3coc4ccccc34)C2)n(C)n1,active,583.624,3.7644,2,8,8.30102999566398
212,CHEMBL3125254,CCc1cc(C(=O)N[C@@H]2C[C@@H](C(=O)Nc3ccn(CC4CCCCC4)n3)N(C(=O)c3coc4ccccc34)C2)n(C)n1,active,571.682,4.1573,2,8,6
213,CHEMBL3125253,CCc1cc(C(=O)N[C@@H]2C[C@@H](C(=O)Nc3cnn(CC)n3)N(C(=O)c3coc4ccccc34)C2)n(C)n1,active,504.551,1.9919,2,9,8.52287874528034
214,CHEMBL3125252,CCc1cc(C(=O)N[C@@H]2C[C@@H](C(=O)Nc3ccn(C)n3)N(C(=O)c3coc4ccccc34)C2)n(C)n1,active,489.536,2.114,2,8,8.15490195998574
215,CHEMBL3125251,CCc1cc(C(=O)N[C@@H]2C[C@@H](C(=O)Nc3nc(C)co3)N(C(=O)c3coc4ccccc34)C2)n(C)n1,active,490.52,2.67692,2,8,8.04575749056068
216,CHEMBL3125250,CCc1cc(C(=O)N[C@@H]2C[C@@H](C(=O)Nc3cc(C)on3)N(C(=O)c3coc4ccccc34)C2)n(C)n1,active,490.52,2.67692,2,8,7.74472749489669
217,CHEMBL3125249,CCc1cc(C(=O)N[C@@H]2C[C@@H](C(=O)NCCc3ccccn3)N(C(=O)c3coc4ccccc34)C2)n(C)n1,active,514.586,2.4957,2,7,7.60205999132796
218,CHEMBL3125248,CCc1cc(C(=O)N[C@@H]2C[C@@H](C(=O)N[C@H](CO)Cc3ccccc3)N(C(=O)c3coc4ccccc34)C2)n(C)n1,active,543.624,2.4616,3,7,6.95078197732982
219,CHEMBL3125247,CCc1cc(C(=O)N[C@@H]2C[C@@H](C(=O)NCCc3ccc(F)cc3)N(C(=O)c3coc4ccccc34)C2)n(C)n1,active,531.588,3.2398,2,6,8.22184874961636
220,CHEMBL3125246,CCc1cc(C(=O)N[C@@H]2C[C@@H](C(=O)NCC3OB(O)c4ccccc43)N(C(=O)c3coc4ccccc34)C2)n(C)n1,active,555.4,1.317,3,8,7.45593195564972
221,CHEMBL3125245,CCc1cc(C(=O)N[C@@H]2C[C@@H](C(=O)Nc3ccc4c(c3)B(O)OC4)N(C(=O)c3coc4ccccc34)C2)n(C)n1,inactive,541.373,1.5982,3,8,7.58502665202918
222,CHEMBL3125244,CCc1cc(C(=O)N[C@@H]2C[C@@H](C(=O)Nc3ccccn3)N(C(=O)c3coc4ccccc34)C2)n(C)n1,active,486.532,2.7755,2,7,7.95860731484177
223,CHEMBL3125243,CCc1cc(C(=O)N[C@@H]2C[C@@H](C(=O)NCc3cnc(C)cn3)N(C(=O)c3coc4ccccc34)C2)n(C)n1,active,515.574,2.15662,2,8,7.65757731917779
224,CHEMBL3125242,CCc1cc(C(=O)N[C@@H]2C[C@@H](C(=O)NCc3ccc(F)c(F)c3)N(C(=O)c3coc4ccccc34)C2)n(C)n1,active,535.551,3.3364,2,6,8.04575749056068
225,CHEMBL3125241,CCc1cc(C(=O)N[C@@H]2C[C@@H](C(=O)NCc3ccc(C(F)(F)F)cc3)N(C(=O)c3coc4ccccc34)C2)n(C)n1,inactive,567.568,4.077,2,6,7.3767507096021
226,CHEMBL3125240,CCc1cc(C(=O)N[C@@H]2C[C@@H](C(=O)NCc3ccc(OC(F)(F)F)cc3)N(C(=O)c3coc4ccccc34)C2)n(C)n1,active,583.567,3.9568,2,7,8.30102999566398
227,CHEMBL3125239,CCc1cc(C(=O)N[C@@H]2C[C@@H](C(=O)NCc3ccccc3)N(C(=O)c3coc4ccccc34)C2)n(C)n1,active,499.571,3.0582,2,6,7.38721614328026
228,CHEMBL3125238,CCc1cc(C(=O)N[C@@H]2C[C@@H](C(=O)NC3CCCC3)N(C(=O)c3coc4ccccc34)C2)n(C)n1,active,477.565,2.8006,2,6,7.39794000867204
229,CHEMBL3125237,CCc1cc(C(=O)N[C@@H]2C[C@@H](C(=O)NCC3CCCO3)N(C(=O)c3coc4ccccc34)C2)n(C)n1,active,493.564,2.037,2,7,7.34678748622466
230,CHEMBL3125236,CCc1cc(C(=O)N[C@@H]2C[C@@H](C(=O)NC3CCOC3=O)N(C(=O)c3coc4ccccc34)C2)n(C)n1,active,493.52,1.1735,2,8,7.09691001300806
231,CHEMBL3125286,CCc1cc(C(=O)N[C@@H]2C[C@@H](C(=O)NCCNC(C)=O)N(C(=O)c3coc4ccccc34)C2)n(C)n1,inactive,494.552,0.994100000000001,3,7,7.69897000433602
232,CHEMBL3125285,CCOC(=O)CCNC(=O)[C@@H]1C[C@@H](NC(=O)c2cc(CC)nn2C)CN1C(=O)c1coc2ccccc12,active,509.563,1.8112,2,8,7.65757731917779
233,CHEMBL3125284,CCc1cc(C(=O)N[C@@H]2C[C@@H](C(=O)NCCN(C)C)N(C(=O)c3coc4ccccc34)C2)n(C)n1,inactive,480.569,1.4196,2,7,6.76955107862173
234,CHEMBL3125283,CCc1cc(C(=O)N[C@@H]2C[C@@H](C(=O)NCCOC)N(C(=O)c3coc4ccccc34)C2)n(C)n1,inactive,467.526,1.5044,2,7,7.85387196432176
235,CHEMBL3125282,CCCNC(=O)[C@@H]1C[C@@H](NC(=O)c2cc(CC)nn2C)CN1C(=O)c1coc2ccccc12,inactive,451.527,2.268,2,6,7.67778070526608
236,CHEMBL3125281,CCc1cc(C(=O)N[C@@H]2C[C@@H](C(=O)NCC(F)(F)F)N(C(=O)c3coc4ccccc34)C2)n(C)n1,inactive,491.47,2.4203,2,6,7.33724216831843
237,CHEMBL3125280,CCc1cc(C(=O)N[C@@H]2C[C@@H](C(=O)N(CC)CC)N(C(=O)c3coc4ccccc34)C2)n(C)n1,inactive,465.554,2.6102,1,6,6.02319166266193
238,CHEMBL3125279,CCc1cc(C(=O)N[C@@H]2C[C@@H](C(N)=O)N(C(=O)c3coc4ccccc34)C2)n(C)n1,inactive,409.446,1.2271,2,6,7.92081875395238
239,CHEMBL3125278,CCNC[C@@H]1C[C@@H](NC(=O)c2cc(CC)nn2C)CN1C(=O)c1coc2ccccc12,inactive,423.517,2.3513,2,6,6.35654732351381
240,CHEMBL3125271,CCNC(=O)[C@@H]1C[C@@H](NC(=O)c2cc(CC)nn2C)CN1C(=O)c1ccc2occc2c1,active,437.5,1.8779,2,6,7.13076828026902
241,CHEMBL3125274,CCc1cc(C(=O)N[C@@H]2C[C@@H](C(=O)OC)N(C(=O)c3coc4ccccc34)C2)n(C)n1,active,424.457,1.9148,1,7,6.6675615400844
242,CHEMBL3125272,CCNC(=O)[C@@H]1C[C@@H](NC(=O)c2cc(CC)nn2C)CN1C(=O)c1coc2ccccc12,inactive,437.5,1.8779,2,6,7.46852108295774
243,CHEMBL3125273,CCNC(=O)[C@@H]1C[C@@H](NC(=O)c2cc(CC)nn2C)CN1C(=O)c1ccc2sccc2c1,inactive,453.568,2.3464,2,6,6.91721462968355
244,CHEMBL3125275,CCc1cc(C(=O)N[C@@H]2C[C@@H](C(=O)O)N(C(=O)c3coc4ccccc34)C2)n(C)n1,inactive,410.43,1.8264,2,6,5.88941028970075
245,CHEMBL3125276,CCc1cc(C(=O)N[C@@H]2C[C@@H](C(=O)NCC(=O)OC)N(C(=O)c3coc4ccccc34)C2)n(C)n1,inactive,481.509,1.031,2,8,8.30102999566398
246,CHEMBL3125277,CCc1cc(C(=O)N[C@@H]2CCN(C(=O)c3coc4ccccc34)C2)n(C)n1,inactive,366.421,2.3732,1,5,6.92081875395238
247,CHEMBL3319431,CCCc1cc(-c2nc(-c3ccncc3)cs2)ccn1,inactive,281.384,4.2196,0,4,4.30102999566398
248,CHEMBL374478,CO[C@H]1/C=C/O[C@@]2(C)Oc3c(C)c(O)c4c(O)c(c(/C=N/N5CCN(C)CC5)c(O)c4c3C2=O)NC(=O)/C(C)=C\C=C\[C@H](C)[C@H](O)[C@@H](C)[C@@H](O)[C@@H](C)[C@H](OC(C)=O)[C@@H]1C,inactive,822.953,4.33542,6,15,7.52287874528034
249,CHEMBL3335464,COCCN(C1CCN(Cc2c(-c3ccccc3)[nH]c3c(C)cccc23)C1)S(C)(=O)=O,inactive,441.597,3.62562,1,4,4
250,CHEMBL3335466,O=S(=O)(NC1CCN(Cc2ccncc2)CC1)c1ccc(-n2cccn2)cc1,inactive,397.504,2.2102,1,6,4
251,CHEMBL849,Oc1cc(Cl)ccc1Oc1ccc(Cl)cc1Cl,inactive,289.545,5.1447,1,2,6.20065945054642
252,CHEMBL3343858,O=C(Cn1c(=O)oc2cc([N+](=O)[O-])ccc21)NCc1ccccn1,inactive,328.284,1.2141,1,7,5.08460016478773
253,CHEMBL3343865,O=C(Cn1c(=O)oc2cc(Cl)ccc21)Nc1ncc([N+](=O)[O-])s1,inactive,354.731,2.2513,1,8,5.16621562534352
254,CHEMBL3343866,O=C(Cn1c(=O)oc2cc([N+](=O)[O-])ccc21)Nc1ncc([N+](=O)[O-])s1,inactive,365.283,1.5061,1,10,5.29073003902417
255,CHEMBL3343868,O=C(Cn1c(=O)oc2cc(Cl)ccc21)Nc1nc2ccccc2s1,inactive,359.794,3.4963,1,6,5.05060999335509
256,CHEMBL3343869,O=C(Cn1c(=O)oc2cc([N+](=O)[O-])ccc21)Nc1nc2ccccc2s1,inactive,370.346,2.7511,1,8,5.1180450286604
257,CHEMBL3343873,O=C(Cn1c(=O)oc2ccccc21)Nc1cc(Cl)ccc1Cl,inactive,337.162,3.54,1,4,4.65521487736734
258,CHEMBL1449844,O=C(Cn1c(=O)oc2ccccc21)Nc1cccc(Cl)c1,inactive,302.717,2.8866,1,4,4.60205999132796
259,CHEMBL3343874,O=C(Cn1c(=O)oc2ccccc21)Nc1ccc(Cl)c(Cl)c1,inactive,337.162,3.54,1,4,4.60205999132796
260,CHEMBL3331278,Cc1nc2ccc(Cl)cc2c(=O)n1CC(=O)Nc1ccccc1,inactive,327.771,2.99702,1,4,5.50584540598156
261,CHEMBL3331277,Cc1nc2ccccc2c(=O)n1CC(=O)Nc1ccccc1,inactive,293.326,2.34362,1,4,5.04963514562388
262,CHEMBL3331276,O=C(Cn1cnc2ccc(Cl)cc2c1=O)NCc1cccs1,inactive,333.8,2.4278,1,5,5.14752000636314
263,CHEMBL3331275,O=C(Cn1cnc2ccc(Cl)cc2c1=O)NCc1ccco1,,317.732,1.9593,1,5,5.50584540598156
264,CHEMBL3331274,O=C(Cn1cnc2ccc(Cl)cc2c1=O)Nc1cc(C(F)(F)F)ccc1Cl,,416.186,4.3608,1,4,5.34103515733557
265,CHEMBL3331273,O=C(Cn1cnc2ccccc2c1=O)Nc1cc(C(F)(F)F)ccc1Cl,,381.741,3.7074,1,4,5.08830984124614
266,CHEMBL3331272,O=C(Cn1cnc2ccc(Cl)cc2c1=O)Nc1ccccc1,,313.744,2.6886,1,4,5.10902040301031
267,CHEMBL3331279,Cc1nc2ccccc2c(=O)n1CC(=O)Nc1cc(C(C)(F)F)ccc1Cl,,391.805,4.10872,1,4,5.04287180232319
268,CHEMBL3331280,Cc1nc2ccc(Cl)cc2c(=O)n1CC(=O)Nc1cc(C(C)(F)F)ccc1Cl,,426.25,4.76212,1,4,5.14508697769214
269,CHEMBL3331281,Cc1nc2ccccc2c(=O)n1CC(=O)NCc1ccco1,,297.314,1.61432,1,5,5.16367588429325
270,CHEMBL3331282,Cc1nc2ccc(Cl)cc2c(=O)n1CC(=O)NCc1ccco1,,331.759,2.26772,1,5,5.34486156518862
271,CHEMBL3331283,Cc1nc2ccccc2c(=O)n1CC(=O)NCc1cccs1,,313.382,2.08282,1,5,5.22112552799726
272,CHEMBL3331284,Cc1nc2ccc(Cl)cc2c(=O)n1CC(=O)NCc1cccs1,,347.827,2.73622,1,5,5.17005330405836
273,CHEMBL3331292,Cc1nc2ccc(Cl)cc2c(=O)n1CC(=O)NCc1nc2ccccc2s1,,398.875,3.28442,1,6,5.07779372256098
274,CHEMBL3331293,O=C(Cn1cnc2ccccc2c1=O)NCc1nc2ccc([N+](=O)[O-])cc2s1,,395.4,2.2308,1,8,5.29073003902417
275,CHEMBL3331295,Cc1nc2ccccc2c(=O)n1CC(=O)NCc1nc2ccc([N+](=O)[O-])cc2s1,,409.427,2.53922,1,8,5.21041928783558
276,CHEMBL3393978,O=C(/C=C/c1ccccc1)N1CCN(C(c2ccccc2)c2ccccc2)CC1,,382.507,4.6336,0,2,4.30102999566398
277,CHEMBL486730,O=S(=O)(c1ccccc1)N1CCN(C(c2ccccc2)c2ccccc2)CC1,,392.524,3.7825,0,3,4.30102999566398
278,CHEMBL3393977,O=C(c1cc(F)ccc1F)N1CCN(C(c2ccccc2)c2ccccc2)CC1,,392.449,4.5122,0,2,4.30102999566398
279,CHEMBL3393976,O=C(c1ccc(F)cc1)N1CCN(C(c2ccccc2)c2ccccc2)CC1,,374.459,4.3731,0,2,4.30102999566398
280,CHEMBL3393975,O=C(c1ccc(Cl)cc1)N1CCN(C(c2ccccc2)c2ccccc2)CC1,,390.914,4.88740000000001,0,2,4.30102999566398
281,CHEMBL3393974,Cc1ccc(C(=O)N2CCN(C(c3ccccc3)c3ccccc3)CC2)cc1,,370.496,4.54242,0,2,5.10623823794206
282,CHEMBL3393973,COc1ccc(C(=O)N2CCN(C(c3ccccc3)c3ccccc3)CC2)cc1,,386.495,4.2426,0,3,4.30102999566398
283,CHEMBL3393972,O=C(c1ccccc1)N1CCN(C(c2ccccc2)c2ccccc2)CC1,,356.469,4.234,0,2,4.79506647764586
284,CHEMBL3393971,c1ccc(CN2CCN(C3c4ccccc4-c4ccccc43)CC2)cc1,,340.47,4.5742,0,2,4.30102999566398
285,CHEMBL3393970,O=C(CN1CCN(C2c3ccccc3-c3ccccc32)CC1)Nc1ccccc1,,383.495,4.0127,1,3,4.30102999566398
286,CHEMBL3393969,O=C(/C=C/c1ccccc1)N1CCN(C2c3ccccc3-c3ccccc32)CC1,,380.491,4.614,0,2,4.30102999566398
287,CHEMBL3393968,Cc1ccccc1S(=O)(=O)N1CCN(C2c3ccccc3-c3ccccc32)CC1,,404.535,4.07132,0,3,4.30102999566398
288,CHEMBL3393967,O=S(=O)(c1ccccc1)N1CCN(C2c3ccccc3-c3ccccc32)CC1,,390.508,3.7629,0,3,4.69983946304865
289,CHEMBL3393966,O=C(c1ccncc1)N1CCN(C2c3ccccc3-c3ccccc32)CC1,,355.441,3.6094,0,3,5.01010543628123
290,CHEMBL3393965,O=C(c1cc(F)ccc1F)N1CCN(C2c3ccccc3-c3ccccc32)CC1,,390.433,4.49260000000001,0,2,5.80410034759077
291,CHEMBL3393964,O=C(c1ccccc1F)N1CCN(C2c3ccccc3-c3ccccc32)CC1,,372.443,4.3535,0,2,6.44249279809434
292,CHEMBL3393963,O=C(c1cccc(F)c1)N1CCN(C2c3ccccc3-c3ccccc32)CC1,,372.443,4.3535,0,2,6.61978875828839
293,CHEMBL3393962,Cc1ccccc1C(=O)N1CCN(C2c3ccccc3-c3ccccc32)CC1,,368.48,4.52282,0,2,5.22257317761069
294,CHEMBL3393961,Cc1cccc(C(=O)N2CCN(C3c4ccccc4-c4ccccc43)CC2)c1,,368.48,4.52282,0,2,6.60205999132796
295,CHEMBL3393960,O=C(c1ccc([N+](=O)[O-])cc1)N1CCN(C2c3ccccc3-c3ccccc32)CC1,,399.45,4.1226,0,4,4.30102999566398
296,CHEMBL1223644,O=C(c1ccc(F)cc1)N1CCN(C2c3ccccc3-c3ccccc32)CC1,,372.443,4.3535,0,2,6.40120949323689
297,CHEMBL3393959,O=C(c1ccc(Cl)cc1)N1CCN(C2c3ccccc3-c3ccccc32)CC1,,388.898,4.8678,0,2,5.77211329538633
298,CHEMBL392127,Cc1ccc(C(=O)N2CCN(C3c4ccccc4-c4ccccc43)CC2)cc1,,368.48,4.52282,0,2,6.65364702554936
299,CHEMBL3393958,COc1ccc(C(=O)N2CCN(C3c4ccccc4-c4ccccc43)CC2)cc1,,384.479,4.223,0,3,5.53760200210104
300,CHEMBL240533,O=C(c1ccccc1)N1CCN(C2c3ccccc3-c3ccccc32)CC1,,354.453,4.2144,0,2,6.73754891026957
301,CHEMBL3956359,C/C(CCC(=O)Nc1ccc(F)cc1)=N\NC(=O)c1ccc(-n2cccc2)cc1,,392.434,4.141,2,4,5.11407366019857
302,CHEMBL3983875,O=C(c1ccc2[nH]ccc2c1)N1CCN(C2c3cc(Br)ccc3-c3ccc(Br)cc32)CC1,,551.282,6.2207,1,2,6.92081875395238
303,CHEMBL3986551,O=C(c1ccc2[nH]ccc2c1)N1CCN(C2c3ccccc3-c3cc([N+](=O)[O-])ccc32)CC1,,438.487,4.6039,1,4,6.88605664769316
304,CHEMBL3960902,O=C(c1ccc2[nH]ccc2c1)N1CCN(C2c3ccccc3-c3ccc([N+](=O)[O-])cc32)CC1,,438.487,4.6039,1,4,6.92081875395238
305,CHEMBL216579,O=C(c1ccc2[nH]ccc2c1)N1CCN(C2c3ccccc3-c3ccccc32)CC1,,393.49,4.6957,1,2,6.79588001734408
306,CHEMBL4126901,Fc1ccccc1-c1cc(CNCCc2ccc(Br)cc2)c2cnc3cc(Cl)ccc3n12,,508.822,7.04180000000001,1,3,4.31875876262441
307,CHEMBL4125737,Fc1ccccc1-c1cc(CNCc2ccccc2)c2cnc3cc(Br)ccc3n12,,460.35,6.3459,1,3,4.26760624017703
308,CHEMBL849,Oc1cc(Cl)ccc1Oc1ccc(Cl)cc1Cl,,289.545,5.1447,1,2,5
309,CHEMBL4166541,Cc1cc(C)n(Cc2ccc(C(=O)NCc3ccc(F)cc3Cl)cc2)n1,,371.843,4.27074,1,3,7.39794000867204
310,CHEMBL849,Oc1cc(Cl)ccc1Oc1ccc(Cl)cc1Cl,,289.545,5.1447,1,2,6
311,CHEMBL405973,Oc1cc(Cc2ccccc2)ccc1Oc1ccc(Cl)cc1Cl,,345.225,6.0821,1,2,7.29242982390206
312,CHEMBL428260,Oc1cc(CC2CCCCC2)ccc1Oc1ccc(Cl)cc1Cl,,351.273,6.61410000000001,1,2,6.95860731484177
313,CHEMBL260061,Oc1cc(CCc2ccccc2)ccc1Oc1ccc(Cl)cc1Cl,,359.252,6.2765,1,2,7.67778070526608
314,CHEMBL3360252,CCCCCCc1ccc(Oc2ccccc2C#N)c(O)c1,,295.382,5.17898000000001,1,3,6.62782471388494
315,CHEMBL4177124,CCCCCCc1ccc(Oc2ccccc2Br)c(O)c1,,349.268,6.06980000000001,1,2,8
316,CHEMBL264415,CCCCCCc1ccc(Oc2ccccc2[N+](=O)[O-])c(O)c1,,315.369,5.21550000000001,1,4,6.73992861201493
317,CHEMBL4162007,CCCCCCc1ccc(Oc2ccccc2Cl)c(O)c1,,304.817,5.9607,1,2,7.30980391997149
318,CHEMBL4174518,NC(=O)c1c[n+]([C@@H]2O[C@H](COP(=O)(O)OP(=O)(O)OC[C@H]3O[C@@H](n4cnc5c(N)ncnc54)[C@H](O)[C@@H]3O)[C@@H](O)[C@H]2O)ccc1C(=O)c1ccncc1,,769.534,-2.3899,8,19,7.72124639904717
319,CHEMBL4174518,NC(=O)c1c[n+]([C@@H]2O[C@H](COP(=O)(O)OP(=O)(O)OC[C@H]3O[C@@H](n4cnc5c(N)ncnc54)[C@H](O)[C@@H]3O)[C@@H](O)[C@H]2O)ccc1C(=O)c1ccncc1,,769.534,-2.3899,8,19,6.4907974776689
320,CHEMBL4174518,NC(=O)c1c[n+]([C@@H]2O[C@H](COP(=O)(O)OP(=O)(O)OC[C@H]3O[C@@H](n4cnc5c(N)ncnc54)[C@H](O)[C@@H]3O)[C@@H](O)[C@H]2O)ccc1C(=O)c1ccncc1,,769.534,-2.3899,8,19,6.4907974776689
321,CHEMBL1236225,CCCCCCc1ccc(Oc2ccccc2C)c(O)c1,,284.399,5.61572000000001,1,2,7.29499204066666
322,CHEMBL1236225,CCCCCCc1ccc(Oc2ccccc2C)c(O)c1,,284.399,5.61572000000001,1,2,6.22914798835786
323,CHEMBL3597020,CC1(C)CCC(Cc2cc(O)c(-c3ccccc3)c(=O)[nH]2)CC1,,311.425,4.5064,2,2,6.24412514432751
324,CHEMBL216579,O=C(c1ccc2[nH]ccc2c1)N1CCN(C2c3ccccc3-c3ccccc32)CC1,,393.49,4.6957,1,2,6.79588001734408
325,CHEMBL217926,O=C(Nc1ccccc1)C1CC(=O)N(C2CCCCC2)C1,,286.375,2.8063,1,2,4.97224279530945
326,CHEMBL385214,O=C(Nc1cccc(Br)c1)C1CC(=O)N(C2CCCCC2)C1,,365.271,3.5688,1,2,6.05060999335509
327,CHEMBL216807,O=C(Nc1cc(Cl)cc(Cl)c1)C1CC(=O)N(C2CCCCC2)C1,,355.265,4.1131,1,2,6.4089353929735
328,CHEMBL425259,Cc1ccc(Cl)cc1NC(=O)C1CC(=O)N(C2CCCCC2)C1,,334.847,3.76812,1,2,6.01322826573376
329,CHEMBL444361,Cc1c(Cl)cccc1NC(=O)C1CC(=O)N(C2CCCCC2)C1,,334.847,3.76812,1,2,4.63638802010786
330,CHEMBL3088173,Cc1csc(C(C)(O)c2nnc(Nc3ccn(Cc4c(F)cccc4F)n3)s2)n1,,434.497,3.82542,2,9,8.52287874528034
331,CHEMBL4174928,Cc1csc(C(C)(O)c2n[nH]/c(=N\C(=O)c3c(F)cccc3F)s2)n1,,382.417,2.51122,2,6,6.69897000433602
332,CHEMBL4167661,CNC(=O)CN1CCN(C(=O)[C@H]2CC[C@@H](NC(=O)Cc3sc4ccccc4c3C)CC2)[C@@H](Cc2ccccc2)C1=O,,574.747,3.45532,2,5,7.18708664335714
333,CHEMBL4176028,CNC(=O)CN(Cc1ccc(F)cc1)C(=O)[C@H]1CC[C@@H](NC(=O)Cc2sc3ccccc3c2C)CC1,,509.647,4.34112,2,4,6.22184874961636
334,CHEMBL4163172,CNC(=O)c1cnc(NC2CCN(c3ccccn3)CC2)c(NCc2ccc(F)c(Oc3ccccc3)c2)c1,,526.616,5.46060000000001,3,7,6.52724355068279
335,CHEMBL4163218,CNC(=O)CN(C(=O)Cc1ccc(-n2cccn2)cc1)C1CCN(c2ccccn2)CC1,,432.528,2.0534,1,6,5.22914798835786
336,CHEMBL4167466,CNC(=O)[C@@H]1C[C@H](NC(=O)[C@@H](NC(=O)c2ccc(Cn3cccn3)cc2)[C@@H](C)OC(C)(C)C)CN1C(=O)c1ccccc1,,588.709,2.3789,3,7,4.92081875395238
337,CHEMBL3742313,O=c1[nH]c(CC2CCCCC2)cc(O)c1-c1ccccc1,,283.371,3.8703,2,2,6.22914798835786
338,CHEMBL2323585,CC/C(C)=C1\OC(=O)[C@H](C)[C@H](O)[C@H](Cc2cccnc2)NC(=O)[C@@H](NC(=O)c2ncccc2O)[C@@H](C)OC1=O,,540.573,1.1776,4,10,5.46470587995723
339,CHEMBL2323583,CC(C)[C@H]1OC(=O)[C@H](C)[C@H](O)[C@H](Cc2cccnc2)NC(=O)[C@@H](NC(=O)c2ncccc2O)[C@@H](C)OC1=O,,528.562,0.518200000000001,4,10,4.48412615628832
340,CHEMBL4454539,CC[C@H]1OC(=O)[C@H](C)[C@H](O)[C@H](Cc2cccnc2)NC(=O)[C@@H](NC(=O)c2ncccc2O)[C@@H](C)OC1=O,,514.535,0.272200000000001,4,10,3.89619627904404
341,CHEMBL4564729,C[C@H]1OC(=O)[C@@H](C2CCCCC2)OC(=O)[C@H](C)[C@H](O)[C@H](Cc2cccnc2)NC(=O)[C@H]1NC(=O)c1ncccc1O,,568.627,1.4425,4,10,4.95467702121334
342,CHEMBL4548115,CC[C@@H](C)[C@H]1OC(=O)[C@H](C)[C@H](O)[C@H](Cc2cccnc2)NC(=O)[C@@H](NC(=O)c2ncccc2O)[C@@H](C)OC1=O,,542.589,0.908300000000001,4,10,4.5016894462104
343,CHEMBL4575301,CC[C@H](C)[C@H]1OC(=O)[C@H](C)[C@H](O)[C@H](Cc2cccnc2)NC(=O)[C@@H](NC(=O)c2ncccc2O)[C@@H](C)OC1=O,,542.589,0.908300000000001,4,10,4.05948351506743
344,CHEMBL4565976,C[C@H]1OC(=O)[C@@H](Cc2ccccc2)OC(=O)[C@H](C)[C@H](O)[C@H](Cc2cccnc2)NC(=O)[C@H]1NC(=O)c1ncccc1O,,576.606,1.1049,4,10,4.535808629359
345,CHEMBL4557187,C[C@@H]1C(=O)N[C@H](C2CCCCC2)C(=O)O[C@H](C)[C@H](NC(=O)c2ncccc2O)C(=O)N[C@@H](Cc2cccnc2)[C@@H]1O,,567.643,1.0155,5,9,3.53610701101409
346,CHEMBL4445442,Cn1c2ccccc2c2cc(/C=C3\SC(=S)N(c4ccc(C(=O)O)cc4)C3=O)ccc21,,444.537,5.4355,1,5,5.54975089168064
347,CHEMBL4473331,NCc1ccc(NS(=O)(=O)/C=C/c2cccc(C(F)(F)F)c2)cc1,,356.369,3.5767,2,3,5.04575749056068
348,CHEMBL4444080,NCc1cccc(NS(=O)(=O)/C=C/c2cccc(C(F)(F)F)c2)c1,,356.369,3.5767,2,3,5.39794000867204
349,CHEMBL4435863,Cc1c(S(=O)(=O)Nc2cccc(CN)c2)sc2ccc(Cl)cc12,,366.895,4.12262,2,4,6.50863830616573
350,CHEMBL4591748,Cc1c(S(=O)(=O)Nc2cccc(CN)c2)sc2ccc(F)cc12,,350.44,3.60832,2,4,6.60205999132796
351,CHEMBL4439827,NCc1cccc(NS(=O)(=O)c2cc3ccccc3s2)c1,,318.423,3.1608,2,4,5.22184874961636
352,CHEMBL4541593,NCc1cccc(NS(=O)(=O)c2cc3ccccc3o2)c1,,302.355,2.6923,2,4,4.65757731917779
353,CHEMBL2387748,O=C(O)/C=C/c1cccc(C(F)(F)F)c1,,216.158,2.8032,1,1,3
354,CHEMBL64,NNC(=O)c1ccncc1,,137.142,-0.314900000000001,2,3,5.08144546944973
355,CHEMBL56337,CC(/C=C1\SC(=S)N(CC(=O)O)C1=O)=C\c1ccccc1,,319.407,2.9187,1,4,3.69897000433602
356,CHEMBL849,Oc1cc(Cl)ccc1Oc1ccc(Cl)cc1Cl,,289.545,5.1447,1,2,5.21183162885883
357,CHEMBL4579264,COc1ccc(C(=O)CN2C(=O)/C(=C\c3cc(OC)c(OC)c(OC)c3)SC2=S)cc1,,459.545,3.8051,0,8,5.59345981956604
358,CHEMBL4517154,COc1ccc(C(=O)CN2C(=O)/C(=C\c3ccccc3OC)SC2=S)cc1,,399.493,3.7879,0,6,4.77469071827414
359,CHEMBL4573708,COc1ccc(C(=O)CN2C(=O)/C(=C\c3cccc(Cl)c3)SC2=S)cc1,,403.912,4.4327,0,5,5.10568393731556
360,CHEMBL4553751,COc1ccc(C(=O)CN2C(=O)/C(=C\c3ccccc3Cl)SC2=S)cc1,,403.912,4.4327,0,5,4.8153085691824
361,CHEMBL4586001,COc1ccc(C(=O)CN2C(=O)/C(=C\c3ccc(C)cc3)SC2=S)cc1,,383.494,4.08772,0,5,5.29929628285498
362,CHEMBL4555877,COc1ccc(C(=O)CN2C(=O)/C(=C\c3ccc(Br)cc3)SC2=S)cc1,,448.363,4.5418,0,5,4.91721462968355
363,CHEMBL4588928,COc1ccc(C(=O)CN2C(=O)/C(=C\c3ccc(Cl)cc3)SC2=S)cc1,,403.912,4.4327,0,5,4.78251605578609
364,CHEMBL4568422,COc1ccc(C(=O)CN2C(=O)/C(=C\c3ccc(F)cc3)SC2=S)cc1,,387.457,3.9184,0,5,4.69680394257951
365,CHEMBL4552935,COc1cc(/C=C2/SC(=S)N(CC(=O)c3ccccc3)C2=O)cc(OC)c1OC,,429.519,3.7965,0,7,5.50584540598156
366,CHEMBL4569601,COc1cccc(/C=C2/SC(=S)N(CC(=O)c3ccccc3)C2=O)c1,,369.467,3.7793,0,5,4.6458915608526
367,CHEMBL4521503,COc1ccccc1/C=C1/SC(=S)N(CC(=O)c2ccccc2)C1=O,,369.467,3.7793,0,5,4.55129368009492
368,CHEMBL4564066,O=C(CN1C(=O)/C(=C\c2cccc(Cl)c2)SC1=S)c1ccccc1,,373.886,4.4241,0,4,4.32513885926219
369,CHEMBL4557146,O=C(CN1C(=O)/C(=C\c2ccccc2Cl)SC1=S)c1ccccc1,,373.886,4.4241,0,4,4.58838029403677
370,CHEMBL4524771,CC(=O)Nc1ccc(/C=C2/SC(=S)N(CC(=O)c3ccccc3)C2=O)cc1,,396.493,3.7291,1,5,4.93554201077308
371,CHEMBL4564531,CN(C)c1ccc(/C=C2/SC(=S)N(CC(=O)c3ccccc3)C2=O)cc1,,382.51,3.8367,0,5,4.7594507517174
372,CHEMBL4555906,O=C(CN1C(=O)/C(=C\c2ccc(O)cc2)SC1=S)c1ccccc1,,355.44,3.4763,1,5,4.45222529461218
373,CHEMBL4548258,O=C(CN1C(=O)/C(=C\c2ccc([N+](=O)[O-])cc2)SC1=S)c1ccccc1,,384.438,3.6789,0,6,4.36151074304536
374,CHEMBL4552155,COc1ccc(/C=C2/SC(=S)N(CC(=O)c3ccccc3)C2=O)cc1,,369.467,3.7793,0,5,5.08407278830288
375,CHEMBL4570532,Cc1ccc(/C=C2/SC(=S)N(CC(=O)c3ccccc3)C2=O)cc1,,353.468,4.07912,0,4,4.75696195131371
376,CHEMBL4552239,O=C(CN1C(=O)/C(=C\c2ccc(Br)cc2)SC1=S)c1ccccc1,,418.337,4.5332,0,4,4.62160209905186
377,CHEMBL4543078,O=C(CN1C(=O)/C(=C\c2ccc(Cl)cc2)SC1=S)c1ccccc1,,373.886,4.4241,0,4,4.30016227413275
378,CHEMBL4541469,O=C(CN1C(=O)/C(=C\c2ccc(F)cc2)SC1=S)c1ccccc1,,357.431,3.9098,0,4,4.25963731050576
379,CHEMBL4545197,O=C(CN1C(=O)/C(=C\c2ccccc2)SC1=S)c1ccccc1,,339.441,3.7707,0,4,4.39577394691553
